{
  "deepface": {
    "age": 34,
    "gender": "Woman",
    "gender_probabilities": {
      "Woman": 99.94926452636719,
      "Man": 0.050730567425489426
    },
    "race": "asian",
    "race_probabilities": {
      "asian": 43.99542236328125,
      "indian": 3.1471598148345947,
      "black": 0.4612850844860077,
      "white": 30.028635025024414,
      "middle eastern": 5.387331008911133,
      "latino hispanic": 16.980167388916016
    },
    "dominant_emotion": "neutral",
    "emotions": {
      "angry": 14.408448219299316,
      "disgust": 0.34441739320755005,
      "fear": 3.8741304874420166,
      "happy": 1.6033841371536255,
      "sad": 20.06882667541504,
      "surprise": 0.24304556846618652,
      "neutral": 59.45774459838867
    }
  },
  "proportions": {
    "face_width_to_height": 1.069,
    "eye_distance_to_face_width": 0.256,
    "nose_to_chin_ratio": 0.388,
    "forehead_to_face_ratio": 0.099,
    "mouth_width_to_face_width": 0.386,
    "brow_width_to_eye_distance": 1.165,
    "face_shape": "круглое",
    "blendshapes": {
      "_neutral": 0.0,
      "browDownLeft": 0.004,
      "browDownRight": 0.0024,
      "browInnerUp": 0.2089,
      "browOuterUpLeft": 0.279,
      "browOuterUpRight": 0.2755,
      "cheekPuff": 0.0,
      "cheekSquintLeft": 0.0,
      "cheekSquintRight": 0.0,
      "eyeBlinkLeft": 0.1042,
      "eyeBlinkRight": 0.04,
      "eyeLookDownLeft": 0.0944,
      "eyeLookDownRight": 0.1009,
      "eyeLookInLeft": 0.0139,
      "eyeLookInRight": 0.1752,
      "eyeLookOutLeft": 0.1978,
      "eyeLookOutRight": 0.0304,
      "eyeLookUpLeft": 0.0867,
      "eyeLookUpRight": 0.0786,
      "eyeSquintLeft": 0.4669,
      "eyeSquintRight": 0.231,
      "eyeWideLeft": 0.0066,
      "eyeWideRight": 0.0082,
      "jawForward": 0.0001,
      "jawLeft": 0.0003,
      "jawOpen": 0.0043,
      "jawRight": 0.0001,
      "mouthClose": 0.0015,
      "mouthDimpleLeft": 0.0272,
      "mouthDimpleRight": 0.0237,
      "mouthFrownLeft": 0.0,
      "mouthFrownRight": 0.0,
      "mouthFunnel": 0.0005,
      "mouthLeft": 0.0013,
      "mouthLowerDownLeft": 0.0004,
      "mouthLowerDownRight": 0.0004,
      "mouthPressLeft": 0.1949,
      "mouthPressRight": 0.1548,
      "mouthPucker": 0.0038,
      "mouthRight": 0.002,
      "mouthRollLower": 0.0076,
      "mouthRollUpper": 0.0046,
      "mouthShrugLower": 0.0083,
      "mouthShrugUpper": 0.0056,
      "mouthSmileLeft": 0.1769,
      "mouthSmileRight": 0.2052,
      "mouthStretchLeft": 0.0026,
      "mouthStretchRight": 0.008,
      "mouthUpperUpLeft": 0.0001,
      "mouthUpperUpRight": 0.0003,
      "noseSneerLeft": 0.0,
      "noseSneerRight": 0.0
    },
    "head_pose": {
      "yaw": 8.92,
      "pitch": -3.22,
      "roll": -0.66
    },
    "details": {
      "eyes": {
        "left_eye_width_to_face": 0.212,
        "right_eye_width_to_face": 0.212,
        "left_eye_height_to_width": 0.274,
        "right_eye_height_to_width": 0.252,
        "left_eye_tilt": 7.0,
        "right_eye_tilt": 5.7,
        "eye_spacing_to_face_width": 0.256,
        "eye_asymmetry": 0.022
      },
      "nose": {
        "nose_width_to_face_width": 0.269,
        "nose_length_to_face_height": 0.296,
        "nose_width_to_length": 0.972
      },
      "lips": {
        "mouth_width_to_face_width": 0.386,
        "mouth_height_to_width": 0.001,
        "lip_fullness": 0.205,
        "upper_lip_to_lower_ratio": 0.647
      },
      "brows": {
        "left_brow_length_to_face_width": 0.299,
        "right_brow_length_to_face_width": 0.317,
        "left_brow_arch_height": 0.1561,
        "right_brow_arch_height": 0.1522,
        "brow_asymmetry": 0.0039
      },
      "jaw": {
        "jaw_angle_left": 133.8,
        "jaw_angle_right": 130.1,
        "jaw_width_to_face_width": 0.786
      },
      "forehead": {
        "forehead_height_to_face": 0.099
      },
      "cheekbones": {
        "cheekbone_width_to_face_width": 0.921
      },
      "asymmetry": {
        "face_asymmetry": 0.0074,
        "eye_asymmetry": 0.022,
        "brow_asymmetry": 0.0039
      }
    }
  },
  "skin": {
    "tone": {
      "hue": 0.0,
      "saturation": 0.0,
      "brightness": 0.645,
      "undertone": "холодный"
    },
    "evenness": {
      "overall": 0.695,
      "by_zone": {
        "forehead": 0.582,
        "nose": 0.559,
        "left_cheek": 0.821,
        "right_cheek": 0.876,
        "chin": 0.636
      }
    },
    "texture": {
      "smoothness": 0.526,
      "roughness": 0.474
    },
    "zones_area": {
      "skin": 1.0,
      "nose": 0.029,
      "left_eye": 0.011,
      "right_eye": 0.01,
      "right_brow": 0.025,
      "left_ear": 0.007,
      "upper_lip": 0.005,
      "lower_lip": 0.026,
      "mouth_interior": 0.001,
      "eye_glass": 0.01,
      "ear_ring": 0.01
    },
    "segmentation_available": true,
    "_stub": false
  }
}